co_cnes,resultado
19186,330788544151938641225953028221253782145683251820934971170611926835411235700971565459250872320000000000000000
21954,330788544151938641225953028221253782145683251820934971170611926835411235700971565459250872320000000000000000
21989,330788544151938641225953028221253782145683251820934971170611926835411235700971565459250872320000000000000000
21997,330788544151938641225953028221253782145683251820934971170611926835411235700971565459250872320000000000000000
25607,4470115461512684340891257138125051110076800700282905015819080092370422104067183317016903680000000000000000
2299682,11324281178206297831457521158732046228731749579488251990048962825668835325234200766245086213177344000000000000000000
2299690,145183092028285869634070784086308284983740379224208358846781574688061991349156420080065207861248000000000000000000
2299704,145183092028285869634070784086308284983740379224208358846781574688061991349156420080065207861248000000000000000000
2299739,11324281178206297831457521158732046228731749579488251990048962825668835325234200766245086213177344000000000000000000
2300397,11324281178206297831457521158732046228731749579488251990048962825668835325234200766245086213177344000000000000000000
2300621,1885494701666050254987932260861146558230394535379329335672487982961844043495537923117729972224000000000000000000
2300656,1885494701666050254987932260861146558230394535379329335672487982961844043495537923117729972224000000000000000000
2300664,1885494701666050254987932260861146558230394535379329335672487982961844043495537923117729972224000000000000000000
2300745,11324281178206297831457521158732046228731749579488251990048962825668835325234200766245086213177344000000000000000000
2300753,1885494701666050254987932260861146558230394535379329335672487982961844043495537923117729972224000000000000000000
2301776,145183092028285869634070784086308284983740379224208358846781574688061991349156420080065207861248000000000000000000
2301792,145183092028285869634070784086308284983740379224208358846781574688061991349156420080065207861248000000000000000000
2301806,145183092028285869634070784086308284983740379224208358846781574688061991349156420080065207861248000000000000000000
2301822,145183092028285869634070784086308284983740379224208358846781574688061991349156420080065207861248000000000000000000
2302128,145183092028285869634070784086308284983740379224208358846781574688061991349156420080065207861248000000000000000000
2302136,145183092028285869634070784086308284983740379224208358846781574688061991349156420080065207861248000000000000000000
2302144,145183092028285869634070784086308284983740379224208358846781574688061991349156420080065207861248000000000000000000
2302640,145183092028285869634070784086308284983740379224208358846781574688061991349156420080065207861248000000000000000000
2305151,145183092028285869634070784086308284983740379224208358846781574688061991349156420080065207861248000000000000000000
2305194,145183092028285869634070784086308284983740379224208358846781574688061991349156420080065207861248000000000000000000
2305216,145183092028285869634070784086308284983740379224208358846781574688061991349156420080065207861248000000000000000000
2305224,145183092028285869634070784086308284983740379224208358846781574688061991349156420080065207861248000000000000000000
2305232,145183092028285869634070784086308284983740379224208358846781574688061991349156420080065207861248000000000000000000
2305240,145183092028285869634070784086308284983740379224208358846781574688061991349156420080065207861248000000000000000000
2305259,145183092028285869634070784086308284983740379224208358846781574688061991349156420080065207861248000000000000000000
2305267,145183092028285869634070784086308284983740379224208358846781574688061991349156420080065207861248000000000000000000
2305453,145183092028285869634070784086308284983740379224208358846781574688061991349156420080065207861248000000000000000000
2305461,145183092028285869634070784086308284983740379224208358846781574688061991349156420080065207861248000000000000000000
2335042,330788544151938641225953028221253782145683251820934971170611926835411235700971565459250872320000000000000000
2335077,330788544151938641225953028221253782145683251820934971170611926835411235700971565459250872320000000000000000
2336529,24809140811395398091946477116594033660926243886570122837795894512655842677572867409443815424000000000000000000
2377128,1885494701666050254987932260861146558230394535379329335672487982961844043495537923117729972224000000000000000000
2377144,1885494701666050254987932260861146558230394535379329335672487982961844043495537923117729972224000000000000000000
2377152,1885494701666050254987932260861146558230394535379329335672487982961844043495537923117729972224000000000000000000
2377268,1885494701666050254987932260861146558230394535379329335672487982961844043495537923117729972224000000000000000000
2377276,1885494701666050254987932260861146558230394535379329335672487982961844043495537923117729972224000000000000000000
2377497,1885494701666050254987932260861146558230394535379329335672487982961844043495537923117729972224000000000000000000
2377551,1885494701666050254987932260861146558230394535379329335672487982961844043495537923117729972224000000000000000000
2378442,894618213078297528685144171539831652069808216779571907213868063227837990693501860533361810841010176000000000000000000
2378655,894618213078297528685144171539831652069808216779571907213868063227837990693501860533361810841010176000000000000000000
2378779,894618213078297528685144171539831652069808216779571907213868063227837990693501860533361810841010176000000000000000000
2380196,11324281178206297831457521158732046228731749579488251990048962825668835325234200766245086213177344000000000000000000
2380218,11324281178206297831457521158732046228731749579488251990048962825668835325234200766245086213177344000000000000000000
2380366,145183092028285869634070784086308284983740379224208358846781574688061991349156420080065207861248000000000000000000
2385260,145183092028285869634070784086308284983740379224208358846781574688061991349156420080065207861248000000000000000000
2385325,145183092028285869634070784086308284983740379224208358846781574688061991349156420080065207861248000000000000000000
2385333,145183092028285869634070784086308284983740379224208358846781574688061991349156420080065207861248000000000000000000
2410788,11324281178206297831457521158732046228731749579488251990048962825668835325234200766245086213177344000000000000000000
2418517,24809140811395398091946477116594033660926243886570122837795894512655842677572867409443815424000000000000000000
2418525,24809140811395398091946477116594033660926243886570122837795894512655842677572867409443815424000000000000000000
2418533,24809140811395398091946477116594033660926243886570122837795894512655842677572867409443815424000000000000000000
2418541,24809140811395398091946477116594033660926243886570122837795894512655842677572867409443815424000000000000000000
2418568,24809140811395398091946477116594033660926243886570122837795894512655842677572867409443815424000000000000000000
2418576,24809140811395398091946477116594033660926243886570122837795894512655842677572867409443815424000000000000000000
2418584,24809140811395398091946477116594033660926243886570122837795894512655842677572867409443815424000000000000000000
2418592,1885494701666050254987932260861146558230394535379329335672487982961844043495537923117729972224000000000000000000
2418614,1885494701666050254987932260861146558230394535379329335672487982961844043495537923117729972224000000000000000000
2418622,1885494701666050254987932260861146558230394535379329335672487982961844043495537923117729972224000000000000000000
2436507,11324281178206297831457521158732046228731749579488251990048962825668835325234200766245086213177344000000000000000000
2436515,11324281178206297831457521158732046228731749579488251990048962825668835325234200766245086213177344000000000000000000
2436531,894618213078297528685144171539831652069808216779571907213868063227837990693501860533361810841010176000000000000000000
2436590,894618213078297528685144171539831652069808216779571907213868063227837990693501860533361810841010176000000000000000000
2490811,1885494701666050254987932260861146558230394535379329335672487982961844043495537923117729972224000000000000000000
2490838,1885494701666050254987932260861146558230394535379329335672487982961844043495537923117729972224000000000000000000
2490846,1885494701666050254987932260861146558230394535379329335672487982961844043495537923117729972224000000000000000000
2490854,1885494701666050254987932260861146558230394535379329335672487982961844043495537923117729972224000000000000000000
2504243,24809140811395398091946477116594033660926243886570122837795894512655842677572867409443815424000000000000000000
2504251,330788544151938641225953028221253782145683251820934971170611926835411235700971565459250872320000000000000000
2512513,24809140811395398091946477116594033660926243886570122837795894512655842677572867409443815424000000000000000000
2512556,24809140811395398091946477116594033660926243886570122837795894512655842677572867409443815424000000000000000000
2512572,24809140811395398091946477116594033660926243886570122837795894512655842677572867409443815424000000000000000000
2512599,24809140811395398091946477116594033660926243886570122837795894512655842677572867409443815424000000000000000000
2512610,24809140811395398091946477116594033660926243886570122837795894512655842677572867409443815424000000000000000000
2512629,24809140811395398091946477116594033660926243886570122837795894512655842677572867409443815424000000000000000000
2512637,24809140811395398091946477116594033660926243886570122837795894512655842677572867409443815424000000000000000000
2512645,24809140811395398091946477116594033660926243886570122837795894512655842677572867409443815424000000000000000000
2512661,24809140811395398091946477116594033660926243886570122837795894512655842677572867409443815424000000000000000000
2512688,24809140811395398091946477116594033660926243886570122837795894512655842677572867409443815424000000000000000000
2512718,24809140811395398091946477116594033660926243886570122837795894512655842677572867409443815424000000000000000000
2512726,24809140811395398091946477116594033660926243886570122837795894512655842677572867409443815424000000000000000000
2512734,24809140811395398091946477116594033660926243886570122837795894512655842677572867409443815424000000000000000000
2512742,24809140811395398091946477116594033660926243886570122837795894512655842677572867409443815424000000000000000000
2512750,24809140811395398091946477116594033660926243886570122837795894512655842677572867409443815424000000000000000000
2512769,24809140811395398091946477116594033660926243886570122837795894512655842677572867409443815424000000000000000000
2512971,24809140811395398091946477116594033660926243886570122837795894512655842677572867409443815424000000000000000000
2512998,24809140811395398091946477116594033660926243886570122837795894512655842677572867409443815424000000000000000000
2513013,24809140811395398091946477116594033660926243886570122837795894512655842677572867409443815424000000000000000000
2513021,24809140811395398091946477116594033660926243886570122837795894512655842677572867409443815424000000000000000000
2513102,24809140811395398091946477116594033660926243886570122837795894512655842677572867409443815424000000000000000000
2513137,24809140811395398091946477116594033660926243886570122837795894512655842677572867409443815424000000000000000000
2513145,24809140811395398091946477116594033660926243886570122837795894512655842677572867409443815424000000000000000000
2513153,24809140811395398091946477116594033660926243886570122837795894512655842677572867409443815424000000000000000000
2513161,24809140811395398091946477116594033660926243886570122837795894512655842677572867409443815424000000000000000000
2513218,24809140811395398091946477116594033660926243886570122837795894512655842677572867409443815424000000000000000000
2513226,24809140811395398091946477116594033660926243886570122837795894512655842677572867409443815424000000000000000000
2513242,24809140811395398091946477116594033660926243886570122837795894512655842677572867409443815424000000000000000000
2513250,24809140811395398091946477116594033660926243886570122837795894512655842677572867409443815424000000000000000000
2513269,24809140811395398091946477116594033660926243886570122837795894512655842677572867409443815424000000000000000000
2513277,24809140811395398091946477116594033660926243886570122837795894512655842677572867409443815424000000000000000000
2513285,24809140811395398091946477116594033660926243886570122837795894512655842677572867409443815424000000000000000000
2513293,24809140811395398091946477116594033660926243886570122837795894512655842677572867409443815424000000000000000000
2513307,24809140811395398091946477116594033660926243886570122837795894512655842677572867409443815424000000000000000000
2513315,24809140811395398091946477116594033660926243886570122837795894512655842677572867409443815424000000000000000000
2513323,1885494701666050254987932260861146558230394535379329335672487982961844043495537923117729972224000000000000000000
2513331,1885494701666050254987932260861146558230394535379329335672487982961844043495537923117729972224000000000000000000
2513382,1885494701666050254987932260861146558230394535379329335672487982961844043495537923117729972224000000000000000000
2513560,24809140811395398091946477116594033660926243886570122837795894512655842677572867409443815424000000000000000000
2513579,24809140811395398091946477116594033660926243886570122837795894512655842677572867409443815424000000000000000000
2513587,24809140811395398091946477116594033660926243886570122837795894512655842677572867409443815424000000000000000000
2513617,24809140811395398091946477116594033660926243886570122837795894512655842677572867409443815424000000000000000000
2513625,24809140811395398091946477116594033660926243886570122837795894512655842677572867409443815424000000000000000000
2513633,24809140811395398091946477116594033660926243886570122837795894512655842677572867409443815424000000000000000000
2513641,24809140811395398091946477116594033660926243886570122837795894512655842677572867409443815424000000000000000000
2521962,24809140811395398091946477116594033660926243886570122837795894512655842677572867409443815424000000000000000000
2537966,894618213078297528685144171539831652069808216779571907213868063227837990693501860533361810841010176000000000000000000
2538601,894618213078297528685144171539831652069808216779571907213868063227837990693501860533361810841010176000000000000000000
2550806,24809140811395398091946477116594033660926243886570122837795894512655842677572867409443815424000000000000000000
2550814,24809140811395398091946477116594033660926243886570122837795894512655842677572867409443815424000000000000000000
2552752,24809140811395398091946477116594033660926243886570122837795894512655842677572867409443815424000000000000000000
2552760,24809140811395398091946477116594033660926243886570122837795894512655842677572867409443815424000000000000000000
2553082,894618213078297528685144171539831652069808216779571907213868063227837990693501860533361810841010176000000000000000000
2554437,24809140811395398091946477116594033660926243886570122837795894512655842677572867409443815424000000000000000000
2554445,24809140811395398091946477116594033660926243886570122837795894512655842677572867409443815424000000000000000000
2554453,24809140811395398091946477116594033660926243886570122837795894512655842677572867409443815424000000000000000000
2554461,24809140811395398091946477116594033660926243886570122837795894512655842677572867409443815424000000000000000000
2554488,24809140811395398091946477116594033660926243886570122837795894512655842677572867409443815424000000000000000000
2554496,24809140811395398091946477116594033660926243886570122837795894512655842677572867409443815424000000000000000000
2557193,24809140811395398091946477116594033660926243886570122837795894512655842677572867409443815424000000000000000000
2559005,145183092028285869634070784086308284983740379224208358846781574688061991349156420080065207861248000000000000000000
2559056,145183092028285869634070784086308284983740379224208358846781574688061991349156420080065207861248000000000000000000
2559064,145183092028285869634070784086308284983740379224208358846781574688061991349156420080065207861248000000000000000000
2559080,145183092028285869634070784086308284983740379224208358846781574688061991349156420080065207861248000000000000000000
2566966,24809140811395398091946477116594033660926243886570122837795894512655842677572867409443815424000000000000000000
2566982,24809140811395398091946477116594033660926243886570122837795894512655842677572867409443815424000000000000000000
2566990,24809140811395398091946477116594033660926243886570122837795894512655842677572867409443815424000000000000000000
2567067,145183092028285869634070784086308284983740379224208358846781574688061991349156420080065207861248000000000000000000
2567075,145183092028285869634070784086308284983740379224208358846781574688061991349156420080065207861248000000000000000000
2567083,145183092028285869634070784086308284983740379224208358846781574688061991349156420080065207861248000000000000000000
2567288,145183092028285869634070784086308284983740379224208358846781574688061991349156420080065207861248000000000000000000
2567296,145183092028285869634070784086308284983740379224208358846781574688061991349156420080065207861248000000000000000000
2567458,145183092028285869634070784086308284983740379224208358846781574688061991349156420080065207861248000000000000000000
2567474,24809140811395398091946477116594033660926243886570122837795894512655842677572867409443815424000000000000000000
2567482,24809140811395398091946477116594033660926243886570122837795894512655842677572867409443815424000000000000000000
2567490,24809140811395398091946477116594033660926243886570122837795894512655842677572867409443815424000000000000000000
2572907,11324281178206297831457521158732046228731749579488251990048962825668835325234200766245086213177344000000000000000000
2572915,11324281178206297831457521158732046228731749579488251990048962825668835325234200766245086213177344000000000000000000
2577208,4470115461512684340891257138125051110076800700282905015819080092370422104067183317016903680000000000000000
2577216,4470115461512684340891257138125051110076800700282905015819080092370422104067183317016903680000000000000000
2582651,145183092028285869634070784086308284983740379224208358846781574688061991349156420080065207861248000000000000000000
2585871,145183092028285869634070784086308284983740379224208358846781574688061991349156420080065207861248000000000000000000
2585901,145183092028285869634070784086308284983740379224208358846781574688061991349156420080065207861248000000000000000000
2585928,145183092028285869634070784086308284983740379224208358846781574688061991349156420080065207861248000000000000000000
2620685,1885494701666050254987932260861146558230394535379329335672487982961844043495537923117729972224000000000000000000
2620693,1885494701666050254987932260861146558230394535379329335672487982961844043495537923117729972224000000000000000000
2620715,1885494701666050254987932260861146558230394535379329335672487982961844043495537923117729972224000000000000000000
2620723,1885494701666050254987932260861146558230394535379329335672487982961844043495537923117729972224000000000000000000
2620731,1885494701666050254987932260861146558230394535379329335672487982961844043495537923117729972224000000000000000000
2620758,1885494701666050254987932260861146558230394535379329335672487982961844043495537923117729972224000000000000000000
2620766,1885494701666050254987932260861146558230394535379329335672487982961844043495537923117729972224000000000000000000
2620774,1885494701666050254987932260861146558230394535379329335672487982961844043495537923117729972224000000000000000000
2620782,1885494701666050254987932260861146558230394535379329335672487982961844043495537923117729972224000000000000000000
2620790,1885494701666050254987932260861146558230394535379329335672487982961844043495537923117729972224000000000000000000
2620804,1885494701666050254987932260861146558230394535379329335672487982961844043495537923117729972224000000000000000000
2620820,1885494701666050254987932260861146558230394535379329335672487982961844043495537923117729972224000000000000000000
2620839,1885494701666050254987932260861146558230394535379329335672487982961844043495537923117729972224000000000000000000
2620847,1885494701666050254987932260861146558230394535379329335672487982961844043495537923117729972224000000000000000000
2620863,1885494701666050254987932260861146558230394535379329335672487982961844043495537923117729972224000000000000000000
2620901,1885494701666050254987932260861146558230394535379329335672487982961844043495537923117729972224000000000000000000
2620928,1885494701666050254987932260861146558230394535379329335672487982961844043495537923117729972224000000000000000000
2620944,1885494701666050254987932260861146558230394535379329335672487982961844043495537923117729972224000000000000000000
2620952,1885494701666050254987932260861146558230394535379329335672487982961844043495537923117729972224000000000000000000
2624338,145183092028285869634070784086308284983740379224208358846781574688061991349156420080065207861248000000000000000000
2624346,145183092028285869634070784086308284983740379224208358846781574688061991349156420080065207861248000000000000000000
2624354,11324281178206297831457521158732046228731749579488251990048962825668835325234200766245086213177344000000000000000000
2624362,145183092028285869634070784086308284983740379224208358846781574688061991349156420080065207861248000000000000000000
2624370,145183092028285869634070784086308284983740379224208358846781574688061991349156420080065207861248000000000000000000
2649616,1885494701666050254987932260861146558230394535379329335672487982961844043495537923117729972224000000000000000000
2649632,1885494701666050254987932260861146558230394535379329335672487982961844043495537923117729972224000000000000000000
2651998,1885494701666050254987932260861146558230394535379329335672487982961844043495537923117729972224000000000000000000
2658054,330788544151938641225953028221253782145683251820934971170611926835411235700971565459250872320000000000000000
2658186,330788544151938641225953028221253782145683251820934971170611926835411235700971565459250872320000000000000000
2658194,330788544151938641225953028221253782145683251820934971170611926835411235700971565459250872320000000000000000
2658208,330788544151938641225953028221253782145683251820934971170611926835411235700971565459250872320000000000000000
2658216,330788544151938641225953028221253782145683251820934971170611926835411235700971565459250872320000000000000000
2658224,330788544151938641225953028221253782145683251820934971170611926835411235700971565459250872320000000000000000
2658232,330788544151938641225953028221253782145683251820934971170611926835411235700971565459250872320000000000000000
2658240,330788544151938641225953028221253782145683251820934971170611926835411235700971565459250872320000000000000000
2658259,330788544151938641225953028221253782145683251820934971170611926835411235700971565459250872320000000000000000
2660733,24809140811395398091946477116594033660926243886570122837795894512655842677572867409443815424000000000000000000
2660741,24809140811395398091946477116594033660926243886570122837795894512655842677572867409443815424000000000000000000
2660792,24809140811395398091946477116594033660926243886570122837795894512655842677572867409443815424000000000000000000
2660822,24809140811395398091946477116594033660926243886570122837795894512655842677572867409443815424000000000000000000
2663368,11324281178206297831457521158732046228731749579488251990048962825668835325234200766245086213177344000000000000000000
2664887,894618213078297528685144171539831652069808216779571907213868063227837990693501860533361810841010176000000000000000000
2665905,145183092028285869634070784086308284983740379224208358846781574688061991349156420080065207861248000000000000000000
2665913,145183092028285869634070784086308284983740379224208358846781574688061991349156420080065207861248000000000000000000
2665921,145183092028285869634070784086308284983740379224208358846781574688061991349156420080065207861248000000000000000000
2672448,11324281178206297831457521158732046228731749579488251990048962825668835325234200766245086213177344000000000000000000
2674750,1885494701666050254987932260861146558230394535379329335672487982961844043495537923117729972224000000000000000000
2681447,4470115461512684340891257138125051110076800700282905015819080092370422104067183317016903680000000000000000
2681587,4470115461512684340891257138125051110076800700282905015819080092370422104067183317016903680000000000000000
2681595,4470115461512684340891257138125051110076800700282905015819080092370422104067183317016903680000000000000000
2687925,24809140811395398091946477116594033660926243886570122837795894512655842677572867409443815424000000000000000000
2687933,24809140811395398091946477116594033660926243886570122837795894512655842677572867409443815424000000000000000000
2687941,24809140811395398091946477116594033660926243886570122837795894512655842677572867409443815424000000000000000000
2689189,24809140811395398091946477116594033660926243886570122837795894512655842677572867409443815424000000000000000000
2689537,1885494701666050254987932260861146558230394535379329335672487982961844043495537923117729972224000000000000000000
2689936,145183092028285869634070784086308284983740379224208358846781574688061991349156420080065207861248000000000000000000
2689987,24809140811395398091946477116594033660926243886570122837795894512655842677572867409443815424000000000000000000
2689995,24809140811395398091946477116594033660926243886570122837795894512655842677572867409443815424000000000000000000
2690020,24809140811395398091946477116594033660926243886570122837795894512655842677572867409443815424000000000000000000
2727455,330788544151938641225953028221253782145683251820934971170611926835411235700971565459250872320000000000000000
2730219,330788544151938641225953028221253782145683251820934971170611926835411235700971565459250872320000000000000000
2730308,330788544151938641225953028221253782145683251820934971170611926835411235700971565459250872320000000000000000
2734435,24809140811395398091946477116594033660926243886570122837795894512655842677572867409443815424000000000000000000
2734516,24809140811395398091946477116594033660926243886570122837795894512655842677572867409443815424000000000000000000
2734664,24809140811395398091946477116594033660926243886570122837795894512655842677572867409443815424000000000000000000
2735075,24809140811395398091946477116594033660926243886570122837795894512655842677572867409443815424000000000000000000
2735520,24809140811395398091946477116594033660926243886570122837795894512655842677572867409443815424000000000000000000
2735598,24809140811395398091946477116594033660926243886570122837795894512655842677572867409443815424000000000000000000
2735857,24809140811395398091946477116594033660926243886570122837795894512655842677572867409443815424000000000000000000
2735865,24809140811395398091946477116594033660926243886570122837795894512655842677572867409443815424000000000000000000
2736780,11324281178206297831457521158732046228731749579488251990048962825668835325234200766245086213177344000000000000000000
2737310,1885494701666050254987932260861146558230394535379329335672487982961844043495537923117729972224000000000000000000
2737426,1885494701666050254987932260861146558230394535379329335672487982961844043495537923117729972224000000000000000000
2738821,11324281178206297831457521158732046228731749579488251990048962825668835325234200766245086213177344000000000000000000
2739003,11324281178206297831457521158732046228731749579488251990048962825668835325234200766245086213177344000000000000000000
2739089,11324281178206297831457521158732046228731749579488251990048962825668835325234200766245086213177344000000000000000000
2739402,1885494701666050254987932260861146558230394535379329335672487982961844043495537923117729972224000000000000000000
2739623,1885494701666050254987932260861146558230394535379329335672487982961844043495537923117729972224000000000000000000
2739704,11324281178206297831457521158732046228731749579488251990048962825668835325234200766245086213177344000000000000000000
2740486,330788544151938641225953028221253782145683251820934971170611926835411235700971565459250872320000000000000000
2740494,330788544151938641225953028221253782145683251820934971170611926835411235700971565459250872320000000000000000
2740834,330788544151938641225953028221253782145683251820934971170611926835411235700971565459250872320000000000000000
2740877,330788544151938641225953028221253782145683251820934971170611926835411235700971565459250872320000000000000000
2740990,330788544151938641225953028221253782145683251820934971170611926835411235700971565459250872320000000000000000
2741105,330788544151938641225953028221253782145683251820934971170611926835411235700971565459250872320000000000000000
2741164,330788544151938641225953028221253782145683251820934971170611926835411235700971565459250872320000000000000000
2741261,330788544151938641225953028221253782145683251820934971170611926835411235700971565459250872320000000000000000
2741288,330788544151938641225953028221253782145683251820934971170611926835411235700971565459250872320000000000000000
2741423,1885494701666050254987932260861146558230394535379329335672487982961844043495537923117729972224000000000000000000
2742306,1885494701666050254987932260861146558230394535379329335672487982961844043495537923117729972224000000000000000000
2742314,1885494701666050254987932260861146558230394535379329335672487982961844043495537923117729972224000000000000000000
2742322,1885494701666050254987932260861146558230394535379329335672487982961844043495537923117729972224000000000000000000
2742330,1885494701666050254987932260861146558230394535379329335672487982961844043495537923117729972224000000000000000000
2743140,145183092028285869634070784086308284983740379224208358846781574688061991349156420080065207861248000000000000000000
2743248,1885494701666050254987932260861146558230394535379329335672487982961844043495537923117729972224000000000000000000
2743280,1885494701666050254987932260861146558230394535379329335672487982961844043495537923117729972224000000000000000000
2754088,330788544151938641225953028221253782145683251820934971170611926835411235700971565459250872320000000000000000
2754207,330788544151938641225953028221253782145683251820934971170611926835411235700971565459250872320000000000000000
2754576,24809140811395398091946477116594033660926243886570122837795894512655842677572867409443815424000000000000000000
2754584,330788544151938641225953028221253782145683251820934971170611926835411235700971565459250872320000000000000000
2767694,145183092028285869634070784086308284983740379224208358846781574688061991349156420080065207861248000000000000000000
2767708,145183092028285869634070784086308284983740379224208358846781574688061991349156420080065207861248000000000000000000
2767724,145183092028285869634070784086308284983740379224208358846781574688061991349156420080065207861248000000000000000000
2767813,145183092028285869634070784086308284983740379224208358846781574688061991349156420080065207861248000000000000000000
2772701,330788544151938641225953028221253782145683251820934971170611926835411235700971565459250872320000000000000000
2774534,145183092028285869634070784086308284983740379224208358846781574688061991349156420080065207861248000000000000000000
2779919,11324281178206297831457521158732046228731749579488251990048962825668835325234200766245086213177344000000000000000000
2780038,145183092028285869634070784086308284983740379224208358846781574688061991349156420080065207861248000000000000000000
2781263,61234458376886086861524070385274672740778091784697328983823014963978384987221689274204160000000000000000
2783134,1885494701666050254987932260861146558230394535379329335672487982961844043495537923117729972224000000000000000000
2783169,11324281178206297831457521158732046228731749579488251990048962825668835325234200766245086213177344000000000000000000
2783223,145183092028285869634070784086308284983740379224208358846781574688061991349156420080065207861248000000000000000000
2783274,145183092028285869634070784086308284983740379224208358846781574688061991349156420080065207861248000000000000000000
2783290,11324281178206297831457521158732046228731749579488251990048962825668835325234200766245086213177344000000000000000000
2783339,11324281178206297831457521158732046228731749579488251990048962825668835325234200766245086213177344000000000000000000
2783371,11324281178206297831457521158732046228731749579488251990048962825668835325234200766245086213177344000000000000000000
2783444,1885494701666050254987932260861146558230394535379329335672487982961844043495537923117729972224000000000000000000
2784351,61234458376886086861524070385274672740778091784697328983823014963978384987221689274204160000000000000000
3072169,330788544151938641225953028221253782145683251820934971170611926835411235700971565459250872320000000000000000
3123030,61234458376886086861524070385274672740778091784697328983823014963978384987221689274204160000000000000000
3123065,4470115461512684340891257138125051110076800700282905015819080092370422104067183317016903680000000000000000
3123103,4470115461512684340891257138125051110076800700282905015819080092370422104067183317016903680000000000000000
3165531,24809140811395398091946477116594033660926243886570122837795894512655842677572867409443815424000000000000000000
3194698,24809140811395398091946477116594033660926243886570122837795894512655842677572867409443815424000000000000000000
3194736,24809140811395398091946477116594033660926243886570122837795894512655842677572867409443815424000000000000000000
3284530,24809140811395398091946477116594033660926243886570122837795894512655842677572867409443815424000000000000000000
3333442,330788544151938641225953028221253782145683251820934971170611926835411235700971565459250872320000000000000000
3333469,330788544151938641225953028221253782145683251820934971170611926835411235700971565459250872320000000000000000
3333485,330788544151938641225953028221253782145683251820934971170611926835411235700971565459250872320000000000000000
3333507,330788544151938641225953028221253782145683251820934971170611926835411235700971565459250872320000000000000000
3333523,330788544151938641225953028221253782145683251820934971170611926835411235700971565459250872320000000000000000
3333558,330788544151938641225953028221253782145683251820934971170611926835411235700971565459250872320000000000000000
3333566,330788544151938641225953028221253782145683251820934971170611926835411235700971565459250872320000000000000000
3333574,330788544151938641225953028221253782145683251820934971170611926835411235700971565459250872320000000000000000
3335283,330788544151938641225953028221253782145683251820934971170611926835411235700971565459250872320000000000000000
3387453,24809140811395398091946477116594033660926243886570122837795894512655842677572867409443815424000000000000000000
3387496,24809140811395398091946477116594033660926243886570122837795894512655842677572867409443815424000000000000000000
3387682,24809140811395398091946477116594033660926243886570122837795894512655842677572867409443815424000000000000000000
3387690,24809140811395398091946477116594033660926243886570122837795894512655842677572867409443815424000000000000000000
3387704,24809140811395398091946477116594033660926243886570122837795894512655842677572867409443815424000000000000000000
3387720,24809140811395398091946477116594033660926243886570122837795894512655842677572867409443815424000000000000000000
3404935,145183092028285869634070784086308284983740379224208358846781574688061991349156420080065207861248000000000000000000
3435164,24809140811395398091946477116594033660926243886570122837795894512655842677572867409443815424000000000000000000
3559858,330788544151938641225953028221253782145683251820934971170611926835411235700971565459250872320000000000000000
3591697,24809140811395398091946477116594033660926243886570122837795894512655842677572867409443815424000000000000000000
3591735,24809140811395398091946477116594033660926243886570122837795894512655842677572867409443815424000000000000000000
3841723,4470115461512684340891257138125051110076800700282905015819080092370422104067183317016903680000000000000000
3874095,330788544151938641225953028221253782145683251820934971170611926835411235700971565459250872320000000000000000
3878716,1885494701666050254987932260861146558230394535379329335672487982961844043495537923117729972224000000000000000000
4056698,145183092028285869634070784086308284983740379224208358846781574688061991349156420080065207861248000000000000000000
4056868,145183092028285869634070784086308284983740379224208358846781574688061991349156420080065207861248000000000000000000
4056884,145183092028285869634070784086308284983740379224208358846781574688061991349156420080065207861248000000000000000000
4056892,145183092028285869634070784086308284983740379224208358846781574688061991349156420080065207861248000000000000000000
4056906,145183092028285869634070784086308284983740379224208358846781574688061991349156420080065207861248000000000000000000
4056914,145183092028285869634070784086308284983740379224208358846781574688061991349156420080065207861248000000000000000000
4056922,145183092028285869634070784086308284983740379224208358846781574688061991349156420080065207861248000000000000000000
4056930,145183092028285869634070784086308284983740379224208358846781574688061991349156420080065207861248000000000000000000
4056949,145183092028285869634070784086308284983740379224208358846781574688061991349156420080065207861248000000000000000000
4056957,145183092028285869634070784086308284983740379224208358846781574688061991349156420080065207861248000000000000000000
4056965,145183092028285869634070784086308284983740379224208358846781574688061991349156420080065207861248000000000000000000
4056973,145183092028285869634070784086308284983740379224208358846781574688061991349156420080065207861248000000000000000000
4056981,145183092028285869634070784086308284983740379224208358846781574688061991349156420080065207861248000000000000000000
4057007,145183092028285869634070784086308284983740379224208358846781574688061991349156420080065207861248000000000000000000
4057015,145183092028285869634070784086308284983740379224208358846781574688061991349156420080065207861248000000000000000000
4057031,61234458376886086861524070385274672740778091784697328983823014963978384987221689274204160000000000000000
4057236,61234458376886086861524070385274672740778091784697328983823014963978384987221689274204160000000000000000
4057244,1885494701666050254987932260861146558230394535379329335672487982961844043495537923117729972224000000000000000000
4057252,1885494701666050254987932260861146558230394535379329335672487982961844043495537923117729972224000000000000000000
4057457,145183092028285869634070784086308284983740379224208358846781574688061991349156420080065207861248000000000000000000
4057465,145183092028285869634070784086308284983740379224208358846781574688061991349156420080065207861248000000000000000000
4057627,330788544151938641225953028221253782145683251820934971170611926835411235700971565459250872320000000000000000
4057635,330788544151938641225953028221253782145683251820934971170611926835411235700971565459250872320000000000000000
4057678,330788544151938641225953028221253782145683251820934971170611926835411235700971565459250872320000000000000000
5070678,11324281178206297831457521158732046228731749579488251990048962825668835325234200766245086213177344000000000000000000
5088682,24809140811395398091946477116594033660926243886570122837795894512655842677572867409443815424000000000000000000
5089336,24809140811395398091946477116594033660926243886570122837795894512655842677572867409443815424000000000000000000
5103282,1885494701666050254987932260861146558230394535379329335672487982961844043495537923117729972224000000000000000000
5114470,24809140811395398091946477116594033660926243886570122837795894512655842677572867409443815424000000000000000000
5116503,24809140811395398091946477116594033660926243886570122837795894512655842677572867409443815424000000000000000000
5281938,61234458376886086861524070385274672740778091784697328983823014963978384987221689274204160000000000000000
5282004,61234458376886086861524070385274672740778091784697328983823014963978384987221689274204160000000000000000
5282101,61234458376886086861524070385274672740778091784697328983823014963978384987221689274204160000000000000000
5317959,330788544151938641225953028221253782145683251820934971170611926835411235700971565459250872320000000000000000
5466504,24809140811395398091946477116594033660926243886570122837795894512655842677572867409443815424000000000000000000
5467187,330788544151938641225953028221253782145683251820934971170611926835411235700971565459250872320000000000000000
5473489,24809140811395398091946477116594033660926243886570122837795894512655842677572867409443815424000000000000000000
5492831,24809140811395398091946477116594033660926243886570122837795894512655842677572867409443815424000000000000000000
5517699,330788544151938641225953028221253782145683251820934971170611926835411235700971565459250872320000000000000000
5525128,330788544151938641225953028221253782145683251820934971170611926835411235700971565459250872320000000000000000
5846595,330788544151938641225953028221253782145683251820934971170611926835411235700971565459250872320000000000000000
5857899,1885494701666050254987932260861146558230394535379329335672487982961844043495537923117729972224000000000000000000
5932270,24809140811395398091946477116594033660926243886570122837795894512655842677572867409443815424000000000000000000
5945895,24809140811395398091946477116594033660926243886570122837795894512655842677572867409443815424000000000000000000
5948428,24809140811395398091946477116594033660926243886570122837795894512655842677572867409443815424000000000000000000
6000908,24809140811395398091946477116594033660926243886570122837795894512655842677572867409443815424000000000000000000
6004083,330788544151938641225953028221253782145683251820934971170611926835411235700971565459250872320000000000000000
6007643,24809140811395398091946477116594033660926243886570122837795894512655842677572867409443815424000000000000000000
6044301,24809140811395398091946477116594033660926243886570122837795894512655842677572867409443815424000000000000000000
6050409,145183092028285869634070784086308284983740379224208358846781574688061991349156420080065207861248000000000000000000
6118232,11324281178206297831457521158732046228731749579488251990048962825668835325234200766245086213177344000000000000000000
6150934,24809140811395398091946477116594033660926243886570122837795894512655842677572867409443815424000000000000000000
6176348,24809140811395398091946477116594033660926243886570122837795894512655842677572867409443815424000000000000000000
6176356,24809140811395398091946477116594033660926243886570122837795894512655842677572867409443815424000000000000000000
6178103,24809140811395398091946477116594033660926243886570122837795894512655842677572867409443815424000000000000000000
6185347,1885494701666050254987932260861146558230394535379329335672487982961844043495537923117729972224000000000000000000
6243274,11324281178206297831457521158732046228731749579488251990048962825668835325234200766245086213177344000000000000000000
6292186,330788544151938641225953028221253782145683251820934971170611926835411235700971565459250872320000000000000000
6293476,330788544151938641225953028221253782145683251820934971170611926835411235700971565459250872320000000000000000
6409881,145183092028285869634070784086308284983740379224208358846781574688061991349156420080065207861248000000000000000000
6420311,24809140811395398091946477116594033660926243886570122837795894512655842677572867409443815424000000000000000000
6474128,11324281178206297831457521158732046228731749579488251990048962825668835325234200766245086213177344000000000000000000
6474136,11324281178206297831457521158732046228731749579488251990048962825668835325234200766245086213177344000000000000000000
6474144,11324281178206297831457521158732046228731749579488251990048962825668835325234200766245086213177344000000000000000000
6474179,11324281178206297831457521158732046228731749579488251990048962825668835325234200766245086213177344000000000000000000
6504779,24809140811395398091946477116594033660926243886570122837795894512655842677572867409443815424000000000000000000
6509134,330788544151938641225953028221253782145683251820934971170611926835411235700971565459250872320000000000000000
6517382,1885494701666050254987932260861146558230394535379329335672487982961844043495537923117729972224000000000000000000
6523579,24809140811395398091946477116594033660926243886570122837795894512655842677572867409443815424000000000000000000
6545815,24809140811395398091946477116594033660926243886570122837795894512655842677572867409443815424000000000000000000
6633730,24809140811395398091946477116594033660926243886570122837795894512655842677572867409443815424000000000000000000
6633749,24809140811395398091946477116594033660926243886570122837795894512655842677572867409443815424000000000000000000
6633757,24809140811395398091946477116594033660926243886570122837795894512655842677572867409443815424000000000000000000
6633773,24809140811395398091946477116594033660926243886570122837795894512655842677572867409443815424000000000000000000
6634370,24809140811395398091946477116594033660926243886570122837795894512655842677572867409443815424000000000000000000
6708277,24809140811395398091946477116594033660926243886570122837795894512655842677572867409443815424000000000000000000
6716121,4470115461512684340891257138125051110076800700282905015819080092370422104067183317016903680000000000000000
6748597,145183092028285869634070784086308284983740379224208358846781574688061991349156420080065207861248000000000000000000
6749836,4470115461512684340891257138125051110076800700282905015819080092370422104067183317016903680000000000000000
6752039,24809140811395398091946477116594033660926243886570122837795894512655842677572867409443815424000000000000000000
6780156,330788544151938641225953028221253782145683251820934971170611926835411235700971565459250872320000000000000000
6802435,1885494701666050254987932260861146558230394535379329335672487982961844043495537923117729972224000000000000000000
6806422,330788544151938641225953028221253782145683251820934971170611926835411235700971565459250872320000000000000000
6826326,11324281178206297831457521158732046228731749579488251990048962825668835325234200766245086213177344000000000000000000
6826571,330788544151938641225953028221253782145683251820934971170611926835411235700971565459250872320000000000000000
6826598,330788544151938641225953028221253782145683251820934971170611926835411235700971565459250872320000000000000000
6828248,11324281178206297831457521158732046228731749579488251990048962825668835325234200766245086213177344000000000000000000
6832474,24809140811395398091946477116594033660926243886570122837795894512655842677572867409443815424000000000000000000
6846319,145183092028285869634070784086308284983740379224208358846781574688061991349156420080065207861248000000000000000000
6846327,145183092028285869634070784086308284983740379224208358846781574688061991349156420080065207861248000000000000000000
6928552,330788544151938641225953028221253782145683251820934971170611926835411235700971565459250872320000000000000000
6941559,24809140811395398091946477116594033660926243886570122837795894512655842677572867409443815424000000000000000000
6972187,24809140811395398091946477116594033660926243886570122837795894512655842677572867409443815424000000000000000000
8005540,24809140811395398091946477116594033660926243886570122837795894512655842677572867409443815424000000000000000000
18791,330788544151938641225953028221253782145683251820934971170611926835411235700971565459250872320000000000000000
18805,330788544151938641225953028221253782145683251820934971170611926835411235700971565459250872320000000000000000
18848,330788544151938641225953028221253782145683251820934971170611926835411235700971565459250872320000000000000000
18864,330788544151938641225953028221253782145683251820934971170611926835411235700971565459250872320000000000000000
18872,330788544151938641225953028221253782145683251820934971170611926835411235700971565459250872320000000000000000
18899,330788544151938641225953028221253782145683251820934971170611926835411235700971565459250872320000000000000000
18929,330788544151938641225953028221253782145683251820934971170611926835411235700971565459250872320000000000000000
18937,330788544151938641225953028221253782145683251820934971170611926835411235700971565459250872320000000000000000
18945,4470115461512684340891257138125051110076800700282905015819080092370422104067183317016903680000000000000000
18953,330788544151938641225953028221253782145683251820934971170611926835411235700971565459250872320000000000000000
18961,330788544151938641225953028221253782145683251820934971170611926835411235700971565459250872320000000000000000
19070,330788544151938641225953028221253782145683251820934971170611926835411235700971565459250872320000000000000000
19119,330788544151938641225953028221253782145683251820934971170611926835411235700971565459250872320000000000000000
19127,330788544151938641225953028221253782145683251820934971170611926835411235700971565459250872320000000000000000
2549743,24809140811395398091946477116594033660926243886570122837795894512655842677572867409443815424000000000000000000
2549778,24809140811395398091946477116594033660926243886570122837795894512655842677572867409443815424000000000000000000
2549786,24809140811395398091946477116594033660926243886570122837795894512655842677572867409443815424000000000000000000
2549794,24809140811395398091946477116594033660926243886570122837795894512655842677572867409443815424000000000000000000
2549808,24809140811395398091946477116594033660926243886570122837795894512655842677572867409443815424000000000000000000
2549816,24809140811395398091946477116594033660926243886570122837795894512655842677572867409443815424000000000000000000
2549824,24809140811395398091946477116594033660926243886570122837795894512655842677572867409443815424000000000000000000
2549832,24809140811395398091946477116594033660926243886570122837795894512655842677572867409443815424000000000000000000
2549840,24809140811395398091946477116594033660926243886570122837795894512655842677572867409443815424000000000000000000
2549859,24809140811395398091946477116594033660926243886570122837795894512655842677572867409443815424000000000000000000
2549867,24809140811395398091946477116594033660926243886570122837795894512655842677572867409443815424000000000000000000
2549875,24809140811395398091946477116594033660926243886570122837795894512655842677572867409443815424000000000000000000
2567091,24809140811395398091946477116594033660926243886570122837795894512655842677572867409443815424000000000000000000
2567113,24809140811395398091946477116594033660926243886570122837795894512655842677572867409443815424000000000000000000
2567121,24809140811395398091946477116594033660926243886570122837795894512655842677572867409443815424000000000000000000
2567148,24809140811395398091946477116594033660926243886570122837795894512655842677572867409443815424000000000000000000
2567164,24809140811395398091946477116594033660926243886570122837795894512655842677572867409443815424000000000000000000
2567172,24809140811395398091946477116594033660926243886570122837795894512655842677572867409443815424000000000000000000
2567180,24809140811395398091946477116594033660926243886570122837795894512655842677572867409443815424000000000000000000
2573350,330788544151938641225953028221253782145683251820934971170611926835411235700971565459250872320000000000000000
2573830,330788544151938641225953028221253782145683251820934971170611926835411235700971565459250872320000000000000000
2573849,330788544151938641225953028221253782145683251820934971170611926835411235700971565459250872320000000000000000
2576295,4470115461512684340891257138125051110076800700282905015819080092370422104067183317016903680000000000000000
2576694,145183092028285869634070784086308284983740379224208358846781574688061991349156420080065207861248000000000000000000
2576783,4470115461512684340891257138125051110076800700282905015819080092370422104067183317016903680000000000000000
2576864,4470115461512684340891257138125051110076800700282905015819080092370422104067183317016903680000000000000000
2576872,4470115461512684340891257138125051110076800700282905015819080092370422104067183317016903680000000000000000
2576880,61234458376886086861524070385274672740778091784697328983823014963978384987221689274204160000000000000000
2583372,145183092028285869634070784086308284983740379224208358846781574688061991349156420080065207861248000000000000000000
2584360,145183092028285869634070784086308284983740379224208358846781574688061991349156420080065207861248000000000000000000
2584379,145183092028285869634070784086308284983740379224208358846781574688061991349156420080065207861248000000000000000000
2584387,145183092028285869634070784086308284983740379224208358846781574688061991349156420080065207861248000000000000000000
2585995,894618213078297528685144171539831652069808216779571907213868063227837990693501860533361810841010176000000000000000000
2587394,894618213078297528685144171539831652069808216779571907213868063227837990693501860533361810841010176000000000000000000
2587432,894618213078297528685144171539831652069808216779571907213868063227837990693501860533361810841010176000000000000000000
2587440,894618213078297528685144171539831652069808216779571907213868063227837990693501860533361810841010176000000000000000000
2587459,894618213078297528685144171539831652069808216779571907213868063227837990693501860533361810841010176000000000000000000
2587467,894618213078297528685144171539831652069808216779571907213868063227837990693501860533361810841010176000000000000000000
2587483,894618213078297528685144171539831652069808216779571907213868063227837990693501860533361810841010176000000000000000000
2587556,894618213078297528685144171539831652069808216779571907213868063227837990693501860533361810841010176000000000000000000
2587920,894618213078297528685144171539831652069808216779571907213868063227837990693501860533361810841010176000000000000000000
2594773,145183092028285869634070784086308284983740379224208358846781574688061991349156420080065207861248000000000000000000
2665360,1885494701666050254987932260861146558230394535379329335672487982961844043495537923117729972224000000000000000000
2665379,1885494701666050254987932260861146558230394535379329335672487982961844043495537923117729972224000000000000000000
2682125,330788544151938641225953028221253782145683251820934971170611926835411235700971565459250872320000000000000000
2683180,4470115461512684340891257138125051110076800700282905015819080092370422104067183317016903680000000000000000
2684403,24809140811395398091946477116594033660926243886570122837795894512655842677572867409443815424000000000000000000
2684411,24809140811395398091946477116594033660926243886570122837795894512655842677572867409443815424000000000000000000
2684438,24809140811395398091946477116594033660926243886570122837795894512655842677572867409443815424000000000000000000
2684586,4470115461512684340891257138125051110076800700282905015819080092370422104067183317016903680000000000000000
2731894,330788544151938641225953028221253782145683251820934971170611926835411235700971565459250872320000000000000000
2732181,330788544151938641225953028221253782145683251820934971170611926835411235700971565459250872320000000000000000
2734648,24809140811395398091946477116594033660926243886570122837795894512655842677572867409443815424000000000000000000
2734656,24809140811395398091946477116594033660926243886570122837795894512655842677572867409443815424000000000000000000
2735024,330788544151938641225953028221253782145683251820934971170611926835411235700971565459250872320000000000000000
2735431,330788544151938641225953028221253782145683251820934971170611926835411235700971565459250872320000000000000000
2735458,24809140811395398091946477116594033660926243886570122837795894512655842677572867409443815424000000000000000000
2735490,24809140811395398091946477116594033660926243886570122837795894512655842677572867409443815424000000000000000000
2735512,330788544151938641225953028221253782145683251820934971170611926835411235700971565459250872320000000000000000
2735679,330788544151938641225953028221253782145683251820934971170611926835411235700971565459250872320000000000000000
2735687,330788544151938641225953028221253782145683251820934971170611926835411235700971565459250872320000000000000000
2735695,330788544151938641225953028221253782145683251820934971170611926835411235700971565459250872320000000000000000
2754150,24809140811395398091946477116594033660926243886570122837795894512655842677572867409443815424000000000000000000
2754525,24809140811395398091946477116594033660926243886570122837795894512655842677572867409443815424000000000000000000
3767361,894618213078297528685144171539831652069808216779571907213868063227837990693501860533361810841010176000000000000000000
3767388,894618213078297528685144171539831652069808216779571907213868063227837990693501860533361810841010176000000000000000000
4056205,1885494701666050254987932260861146558230394535379329335672487982961844043495537923117729972224000000000000000000
4056256,61234458376886086861524070385274672740778091784697328983823014963978384987221689274204160000000000000000
4056272,11324281178206297831457521158732046228731749579488251990048962825668835325234200766245086213177344000000000000000000
4056302,330788544151938641225953028221253782145683251820934971170611926835411235700971565459250872320000000000000000
4056396,145183092028285869634070784086308284983740379224208358846781574688061991349156420080065207861248000000000000000000
4056418,145183092028285869634070784086308284983740379224208358846781574688061991349156420080065207861248000000000000000000
4056434,145183092028285869634070784086308284983740379224208358846781574688061991349156420080065207861248000000000000000000
4056442,145183092028285869634070784086308284983740379224208358846781574688061991349156420080065207861248000000000000000000
5141443,4470115461512684340891257138125051110076800700282905015819080092370422104067183317016903680000000000000000
5380561,24809140811395398091946477116594033660926243886570122837795894512655842677572867409443815424000000000000000000
5536286,4470115461512684340891257138125051110076800700282905015819080092370422104067183317016903680000000000000000
5551722,894618213078297528685144171539831652069808216779571907213868063227837990693501860533361810841010176000000000000000000
6306810,145183092028285869634070784086308284983740379224208358846781574688061991349156420080065207861248000000000000000000
6412254,145183092028285869634070784086308284983740379224208358846781574688061991349156420080065207861248000000000000000000
6603629,330788544151938641225953028221253782145683251820934971170611926835411235700971565459250872320000000000000000
6653375,145183092028285869634070784086308284983740379224208358846781574688061991349156420080065207861248000000000000000000
6794165,24809140811395398091946477116594033660926243886570122837795894512655842677572867409443815424000000000000000000
6797172,61234458376886086861524070385274672740778091784697328983823014963978384987221689274204160000000000000000
6805396,4470115461512684340891257138125051110076800700282905015819080092370422104067183317016903680000000000000000
6882471,4470115461512684340891257138125051110076800700282905015819080092370422104067183317016903680000000000000000
